Year,Units,sex,age group,federal state,GeoCode,Value
1999,percentage,,,,,10.7
2003,percentage,,,,,11.7
2005,percentage,,,,,12.5
2009,percentage,,,,,13.3
2013,percentage,,,,,14.1
2017,percentage,,,,,14.789
2021,percentage,,,,,15.418
2000,percentage,,,,,
2001,percentage,,,,,
2002,percentage,,,,,
2004,percentage,,,,,
2006,percentage,,,,,
2007,percentage,,,,,
2008,percentage,,,,,
2010,percentage,,,,,
2011,percentage,,,,,
2012,percentage,,,,,
2014,percentage,,,,,
2015,percentage,,,,,
2016,percentage,,,,,
2018,percentage,,,,,
2019,percentage,,,,,
2020,percentage,,,,,
1999,percentage,,,baden-wuerttemberg,code08,9.78
2003,percentage,,,baden-wuerttemberg,code08,10.913
2005,percentage,,,baden-wuerttemberg,code08,11.371
2009,percentage,,,baden-wuerttemberg,code08,12.259
2013,percentage,,,baden-wuerttemberg,code08,12.923
2017,percentage,,,baden-wuerttemberg,code08,13.774
2021,percentage,,,baden-wuerttemberg,code08,14.034
1999,percentage,,,bavaria,code09,10.73
2003,percentage,,,bavaria,code09,11.668
2005,percentage,,,bavaria,code09,11.83
2009,percentage,,,bavaria,code09,12.784
2013,percentage,,,bavaria,code09,13.255
2017,percentage,,,bavaria,code09,13.728
2021,percentage,,,bavaria,code09,13.911
1999,percentage,,,berlin,code11,9.206
2003,percentage,,,berlin,code11,10.185
2005,percentage,,,berlin,code11,11.228
2009,percentage,,,berlin,code11,11.187
2013,percentage,,,berlin,code11,11.727
2017,percentage,,,berlin,code11,11.913
2021,percentage,,,berlin,code11,13.114
1999,percentage,,,brandenburg,code12,13.054
2003,percentage,,,brandenburg,code12,13.122
2005,percentage,,,brandenburg,code12,13.811
2009,percentage,,,brandenburg,code12,14.843
2013,percentage,,,brandenburg,code12,14.925
2017,percentage,,,brandenburg,code12,15.47
2021,percentage,,,brandenburg,code12,16.36
1999,percentage,,,bremen,code04,8.863
2003,percentage,,,bremen,code04,10.82
2005,percentage,,,bremen,code04,10.152
2009,percentage,,,bremen,code04,11.745
2013,percentage,,,bremen,code04,13.546
2017,percentage,,,bremen,code04,16.937
2021,percentage,,,bremen,code04,16.966
1999,percentage,,,hamburg,code02,8.318
2003,percentage,,,hamburg,code02,9.04
2005,percentage,,,hamburg,code02,9.702
2009,percentage,,,hamburg,code02,9.909
2013,percentage,,,hamburg,code02,10.515
2017,percentage,,,hamburg,code02,11.483
2021,percentage,,,hamburg,code02,11.936
1999,percentage,,,hesse,code06,10.812
2003,percentage,,,hesse,code06,11.599
2005,percentage,,,hesse,code06,11.943
2009,percentage,,,hesse,code06,13.288
2013,percentage,,,hesse,code06,14.233
2017,percentage,,,hesse,code06,14.898
2021,percentage,,,hesse,code06,15.654
1999,percentage,,,mecklenburg western pomerania,code13,13.848
2003,percentage,,,mecklenburg western pomerania,code13,16.326
2005,percentage,,,mecklenburg western pomerania,code13,17.169
2009,percentage,,,mecklenburg western pomerania,code13,17.262
2013,percentage,,,mecklenburg western pomerania,code13,17.324
2017,percentage,,,mecklenburg western pomerania,code13,18.844
2021,percentage,,,mecklenburg western pomerania,code13,19.044
1999,percentage,,,lower saxony,code03,9.501
2003,percentage,,,lower saxony,code03,10.482
2005,percentage,,,lower saxony,code03,11.365
2009,percentage,,,lower saxony,code03,12.761
2013,percentage,,,lower saxony,code03,14.218
2017,percentage,,,lower saxony,code03,15.244
2021,percentage,,,lower saxony,code03,17.557
1999,percentage,,,north rhine-westphalia,code05,10.394
2003,percentage,,,north rhine-westphalia,code05,11.622
2005,percentage,,,north rhine-westphalia,code05,12.575
2009,percentage,,,north rhine-westphalia,code05,13.591
2013,percentage,,,north rhine-westphalia,code05,14.865
2017,percentage,,,north rhine-westphalia,code05,15.125
2021,percentage,,,north rhine-westphalia,code05,16.485
1999,percentage,,,rhineland palatinate,code07,11.101
2003,percentage,,,rhineland palatinate,code07,12.228
2005,percentage,,,rhineland palatinate,code07,13.218
2009,percentage,,,rhineland palatinate,code07,14.015
2013,percentage,,,rhineland palatinate,code07,15.185
2017,percentage,,,rhineland palatinate,code07,16.103
2021,percentage,,,rhineland palatinate,code07,16.857
1999,percentage,,,saarland,code10,9.576
2003,percentage,,,saarland,code10,10.306
2005,percentage,,,saarland,code10,13.111
2009,percentage,,,saarland,code10,14.111
2013,percentage,,,saarland,code10,14.133
2017,percentage,,,saarland,code10,14.688
2021,percentage,,,saarland,code10,16.877
1999,percentage,,,saxony,code14,11.838
2003,percentage,,,saxony,code14,13.373
2005,percentage,,,saxony,code14,13.693
2009,percentage,,,saxony,code14,13.958
2013,percentage,,,saxony,code14,14.286
2017,percentage,,,saxony,code14,15.453
2021,percentage,,,saxony,code14,14.805
1999,percentage,,,saxony-anhalt,code15,13.139
2003,percentage,,,saxony-anhalt,code15,15.012
2005,percentage,,,saxony-anhalt,code15,15.935
2009,percentage,,,saxony-anhalt,code15,16.266
2013,percentage,,,saxony-anhalt,code15,17.149
2017,percentage,,,saxony-anhalt,code15,17.6
2021,percentage,,,saxony-anhalt,code15,16.545
1999,percentage,,,schleswig-holstein,code01,9.248
2003,percentage,,,schleswig-holstein,code01,10.295
2005,percentage,,,schleswig-holstein,code01,11.306
2009,percentage,,,schleswig-holstein,code01,12.144
2013,percentage,,,schleswig-holstein,code01,13.323
2017,percentage,,,schleswig-holstein,code01,14.359
2021,percentage,,,schleswig-holstein,code01,16.693
1999,percentage,,,thuringia,code16,13.768
2003,percentage,,,thuringia,code16,13.159
2005,percentage,,,thuringia,code16,14.527
2009,percentage,,,thuringia,code16,14.922
2013,percentage,,,thuringia,code16,15.39
2017,percentage,,,thuringia,code16,17.726
2021,percentage,,,thuringia,code16,17.051
1999,percentage,,18 to under 20 years,,,
2003,percentage,,18 to under 20 years,,,
2005,percentage,,18 to under 20 years,,,
2009,percentage,,18 to under 20 years,,,
2013,percentage,,18 to under 20 years,,,3.473
2017,percentage,,18 to under 20 years,,,4.241
2021,percentage,,18 to under 20 years,,,5.5
2000,percentage,,18 to under 20 years,,,
2001,percentage,,18 to under 20 years,,,
2002,percentage,,18 to under 20 years,,,
2004,percentage,,18 to under 20 years,,,
2006,percentage,,18 to under 20 years,,,
2007,percentage,,18 to under 20 years,,,
2008,percentage,,18 to under 20 years,,,
2010,percentage,,18 to under 20 years,,,
2011,percentage,,18 to under 20 years,,,
2012,percentage,,18 to under 20 years,,,
2014,percentage,,18 to under 20 years,,,
2015,percentage,,18 to under 20 years,,,
2016,percentage,,18 to under 20 years,,,
2018,percentage,,18 to under 20 years,,,
2019,percentage,,18 to under 20 years,,,
2020,percentage,,18 to under 20 years,,,
1999,percentage,,20 to under 25 years,,,
2003,percentage,,20 to under 25 years,,,
2005,percentage,,20 to under 25 years,,,
2009,percentage,,20 to under 25 years,,,
2013,percentage,,20 to under 25 years,,,5.597
2017,percentage,,20 to under 25 years,,,6.013
2021,percentage,,20 to under 25 years,,,6.2
2000,percentage,,20 to under 25 years,,,
2001,percentage,,20 to under 25 years,,,
2002,percentage,,20 to under 25 years,,,
2004,percentage,,20 to under 25 years,,,
2006,percentage,,20 to under 25 years,,,
2007,percentage,,20 to under 25 years,,,
2008,percentage,,20 to under 25 years,,,
2010,percentage,,20 to under 25 years,,,
2011,percentage,,20 to under 25 years,,,
2012,percentage,,20 to under 25 years,,,
2014,percentage,,20 to under 25 years,,,
2015,percentage,,20 to under 25 years,,,
2016,percentage,,20 to under 25 years,,,
2018,percentage,,20 to under 25 years,,,
2019,percentage,,20 to under 25 years,,,
2020,percentage,,20 to under 25 years,,,
1999,percentage,,25 to under 30 years,,,
2003,percentage,,25 to under 30 years,,,
2005,percentage,,25 to under 30 years,,,
2009,percentage,,25 to under 30 years,,,
2013,percentage,,25 to under 30 years,,,8.023
2017,percentage,,25 to under 30 years,,,9.416
2021,percentage,,25 to under 30 years,,,10.8
2000,percentage,,25 to under 30 years,,,
2001,percentage,,25 to under 30 years,,,
2002,percentage,,25 to under 30 years,,,
2004,percentage,,25 to under 30 years,,,
2006,percentage,,25 to under 30 years,,,
2007,percentage,,25 to under 30 years,,,
2008,percentage,,25 to under 30 years,,,
2010,percentage,,25 to under 30 years,,,
2011,percentage,,25 to under 30 years,,,
2012,percentage,,25 to under 30 years,,,
2014,percentage,,25 to under 30 years,,,
2015,percentage,,25 to under 30 years,,,
2016,percentage,,25 to under 30 years,,,
2018,percentage,,25 to under 30 years,,,
2019,percentage,,25 to under 30 years,,,
2020,percentage,,25 to under 30 years,,,
1999,percentage,,30 to under 35 years,,,
2003,percentage,,30 to under 35 years,,,
2005,percentage,,30 to under 35 years,,,
2009,percentage,,30 to under 35 years,,,
2013,percentage,,30 to under 35 years,,,10.891
2017,percentage,,30 to under 35 years,,,11.866
2021,percentage,,30 to under 35 years,,,14.1
2000,percentage,,30 to under 35 years,,,
2001,percentage,,30 to under 35 years,,,
2002,percentage,,30 to under 35 years,,,
2004,percentage,,30 to under 35 years,,,
2006,percentage,,30 to under 35 years,,,
2007,percentage,,30 to under 35 years,,,
2008,percentage,,30 to under 35 years,,,
2010,percentage,,30 to under 35 years,,,
2011,percentage,,30 to under 35 years,,,
2012,percentage,,30 to under 35 years,,,
2014,percentage,,30 to under 35 years,,,
2015,percentage,,30 to under 35 years,,,
2016,percentage,,30 to under 35 years,,,
2018,percentage,,30 to under 35 years,,,
2019,percentage,,30 to under 35 years,,,
2020,percentage,,30 to under 35 years,,,
1999,percentage,,35 to under 40 years,,,
2003,percentage,,35 to under 40 years,,,
2005,percentage,,35 to under 40 years,,,
2009,percentage,,35 to under 40 years,,,
2013,percentage,,35 to under 40 years,,,12.713
2017,percentage,,35 to under 40 years,,,13.308
2021,percentage,,35 to under 40 years,,,14.5
2000,percentage,,35 to under 40 years,,,
2001,percentage,,35 to under 40 years,,,
2002,percentage,,35 to under 40 years,,,
2004,percentage,,35 to under 40 years,,,
2006,percentage,,35 to under 40 years,,,
2007,percentage,,35 to under 40 years,,,
2008,percentage,,35 to under 40 years,,,
2010,percentage,,35 to under 40 years,,,
2011,percentage,,35 to under 40 years,,,
2012,percentage,,35 to under 40 years,,,
2014,percentage,,35 to under 40 years,,,
2015,percentage,,35 to under 40 years,,,
2016,percentage,,35 to under 40 years,,,
2018,percentage,,35 to under 40 years,,,
2019,percentage,,35 to under 40 years,,,
2020,percentage,,35 to under 40 years,,,
1999,percentage,,40 to under 45 years,,,
2003,percentage,,40 to under 45 years,,,
2005,percentage,,40 to under 45 years,,,
2009,percentage,,40 to under 45 years,,,
2013,percentage,,40 to under 45 years,,,14.255
2017,percentage,,40 to under 45 years,,,15.673
2021,percentage,,40 to under 45 years,,,16.5
2000,percentage,,40 to under 45 years,,,
2001,percentage,,40 to under 45 years,,,
2002,percentage,,40 to under 45 years,,,
2004,percentage,,40 to under 45 years,,,
2006,percentage,,40 to under 45 years,,,
2007,percentage,,40 to under 45 years,,,
2008,percentage,,40 to under 45 years,,,
2010,percentage,,40 to under 45 years,,,
2011,percentage,,40 to under 45 years,,,
2012,percentage,,40 to under 45 years,,,
2014,percentage,,40 to under 45 years,,,
2015,percentage,,40 to under 45 years,,,
2016,percentage,,40 to under 45 years,,,
2018,percentage,,40 to under 45 years,,,
2019,percentage,,40 to under 45 years,,,
2020,percentage,,40 to under 45 years,,,
1999,percentage,,45 to under 50 years,,,
2003,percentage,,45 to under 50 years,,,
2005,percentage,,45 to under 50 years,,,
2009,percentage,,45 to under 50 years,,,
2013,percentage,,45 to under 50 years,,,15.221
2017,percentage,,45 to under 50 years,,,16.237
2021,percentage,,45 to under 50 years,,,19.6
2000,percentage,,45 to under 50 years,,,
2001,percentage,,45 to under 50 years,,,
2002,percentage,,45 to under 50 years,,,
2004,percentage,,45 to under 50 years,,,
2006,percentage,,45 to under 50 years,,,
2007,percentage,,45 to under 50 years,,,
2008,percentage,,45 to under 50 years,,,
2010,percentage,,45 to under 50 years,,,
2011,percentage,,45 to under 50 years,,,
2012,percentage,,45 to under 50 years,,,
2014,percentage,,45 to under 50 years,,,
2015,percentage,,45 to under 50 years,,,
2016,percentage,,45 to under 50 years,,,
2018,percentage,,45 to under 50 years,,,
2019,percentage,,45 to under 50 years,,,
2020,percentage,,45 to under 50 years,,,
1999,percentage,,50 to under 55 years,,,
2003,percentage,,50 to under 55 years,,,
2005,percentage,,50 to under 55 years,,,
2009,percentage,,50 to under 55 years,,,
2013,percentage,,50 to under 55 years,,,17.709
2017,percentage,,50 to under 55 years,,,17.994
2021,percentage,,50 to under 55 years,,,18.9
2000,percentage,,50 to under 55 years,,,
2001,percentage,,50 to under 55 years,,,
2002,percentage,,50 to under 55 years,,,
2004,percentage,,50 to under 55 years,,,
2006,percentage,,50 to under 55 years,,,
2007,percentage,,50 to under 55 years,,,
2008,percentage,,50 to under 55 years,,,
2010,percentage,,50 to under 55 years,,,
2011,percentage,,50 to under 55 years,,,
2012,percentage,,50 to under 55 years,,,
2014,percentage,,50 to under 55 years,,,
2015,percentage,,50 to under 55 years,,,
2016,percentage,,50 to under 55 years,,,
2018,percentage,,50 to under 55 years,,,
2019,percentage,,50 to under 55 years,,,
2020,percentage,,50 to under 55 years,,,
1999,percentage,,55 to under 60 years,,,
2003,percentage,,55 to under 60 years,,,
2005,percentage,,55 to under 60 years,,,
2009,percentage,,55 to under 60 years,,,
2013,percentage,,55 to under 60 years,,,19.977
2017,percentage,,55 to under 60 years,,,19.669
2021,percentage,,55 to under 60 years,,,19.6
2000,percentage,,55 to under 60 years,,,
2001,percentage,,55 to under 60 years,,,
2002,percentage,,55 to under 60 years,,,
2004,percentage,,55 to under 60 years,,,
2006,percentage,,55 to under 60 years,,,
2007,percentage,,55 to under 60 years,,,
2008,percentage,,55 to under 60 years,,,
2010,percentage,,55 to under 60 years,,,
2011,percentage,,55 to under 60 years,,,
2012,percentage,,55 to under 60 years,,,
2014,percentage,,55 to under 60 years,,,
2015,percentage,,55 to under 60 years,,,
2016,percentage,,55 to under 60 years,,,
2018,percentage,,55 to under 60 years,,,
2019,percentage,,55 to under 60 years,,,
2020,percentage,,55 to under 60 years,,,
1999,percentage,,60 to under 56 years,,,
2003,percentage,,60 to under 56 years,,,
2005,percentage,,60 to under 56 years,,,
2009,percentage,,60 to under 56 years,,,
2013,percentage,,60 to under 56 years,,,22.704
2017,percentage,,60 to under 56 years,,,21.982
2021,percentage,,60 to under 56 years,,,21.0
2000,percentage,,60 to under 56 years,,,
2001,percentage,,60 to under 56 years,,,
2002,percentage,,60 to under 56 years,,,
2004,percentage,,60 to under 56 years,,,
2006,percentage,,60 to under 56 years,,,
2007,percentage,,60 to under 56 years,,,
2008,percentage,,60 to under 56 years,,,
2010,percentage,,60 to under 56 years,,,
2011,percentage,,60 to under 56 years,,,
2012,percentage,,60 to under 56 years,,,
2014,percentage,,60 to under 56 years,,,
2015,percentage,,60 to under 56 years,,,
2016,percentage,,60 to under 56 years,,,
2018,percentage,,60 to under 56 years,,,
2019,percentage,,60 to under 56 years,,,
2020,percentage,,60 to under 56 years,,,
1999,percentage,,65 to under 70 years,,,
2003,percentage,,65 to under 70 years,,,
2005,percentage,,65 to under 70 years,,,
2009,percentage,,65 to under 70 years,,,
2013,percentage,,65 to under 70 years,,,21.943
2017,percentage,,65 to under 70 years,,,23.506
2021,percentage,,65 to under 70 years,,,21.3
2000,percentage,,65 to under 70 years,,,
2001,percentage,,65 to under 70 years,,,
2002,percentage,,65 to under 70 years,,,
2004,percentage,,65 to under 70 years,,,
2006,percentage,,65 to under 70 years,,,
2007,percentage,,65 to under 70 years,,,
2008,percentage,,65 to under 70 years,,,
2010,percentage,,65 to under 70 years,,,
2011,percentage,,65 to under 70 years,,,
2012,percentage,,65 to under 70 years,,,
2014,percentage,,65 to under 70 years,,,
2015,percentage,,65 to under 70 years,,,
2016,percentage,,65 to under 70 years,,,
2018,percentage,,65 to under 70 years,,,
2019,percentage,,65 to under 70 years,,,
2020,percentage,,65 to under 70 years,,,
1999,percentage,,70 to under 75 years,,,
2003,percentage,,70 to under 75 years,,,
2005,percentage,,70 to under 75 years,,,
2009,percentage,,70 to under 75 years,,,
2013,percentage,,70 to under 75 years,,,20.257
2017,percentage,,70 to under 75 years,,,21.164
2021,percentage,,70 to under 75 years,,,21.2
2000,percentage,,70 to under 75 years,,,
2001,percentage,,70 to under 75 years,,,
2002,percentage,,70 to under 75 years,,,
2004,percentage,,70 to under 75 years,,,
2006,percentage,,70 to under 75 years,,,
2007,percentage,,70 to under 75 years,,,
2008,percentage,,70 to under 75 years,,,
2010,percentage,,70 to under 75 years,,,
2011,percentage,,70 to under 75 years,,,
2012,percentage,,70 to under 75 years,,,
2014,percentage,,70 to under 75 years,,,
2015,percentage,,70 to under 75 years,,,
2016,percentage,,70 to under 75 years,,,
2018,percentage,,70 to under 75 years,,,
2019,percentage,,70 to under 75 years,,,
2020,percentage,,70 to under 75 years,,,
1999,percentage,,75 years and older,,,
2003,percentage,,75 years and older,,,
2005,percentage,,75 years and older,,,
2009,percentage,,75 years and older,,,
2013,percentage,,75 years and older,,,17.403
2017,percentage,,75 years and older,,,17.837
2021,percentage,,75 years and older,,,16.2
2000,percentage,,75 years and older,,,
2001,percentage,,75 years and older,,,
2002,percentage,,75 years and older,,,
2004,percentage,,75 years and older,,,
2006,percentage,,75 years and older,,,
2007,percentage,,75 years and older,,,
2008,percentage,,75 years and older,,,
2010,percentage,,75 years and older,,,
2011,percentage,,75 years and older,,,
2012,percentage,,75 years and older,,,
2014,percentage,,75 years and older,,,
2015,percentage,,75 years and older,,,
2016,percentage,,75 years and older,,,
2018,percentage,,75 years and older,,,
2019,percentage,,75 years and older,,,
2020,percentage,,75 years and older,,,
1999,percentage,female,,,,10.2
2003,percentage,female,,,,11.2
2005,percentage,female,,,,11.8
2009,percentage,female,,,,12.4
2013,percentage,female,,,,12.8
2017,percentage,female,,,,13.047
2021,percentage,female,,,,13.397
2000,percentage,female,,,,
2001,percentage,female,,,,
2002,percentage,female,,,,
2004,percentage,female,,,,
2006,percentage,female,,,,
2007,percentage,female,,,,
2008,percentage,female,,,,
2010,percentage,female,,,,
2011,percentage,female,,,,
2012,percentage,female,,,,
2014,percentage,female,,,,
2015,percentage,female,,,,
2016,percentage,female,,,,
2018,percentage,female,,,,
2019,percentage,female,,,,
2020,percentage,female,,,,
1999,percentage,female,,baden-wuerttemberg,code08,9.252
2003,percentage,female,,baden-wuerttemberg,code08,10.132
2005,percentage,female,,baden-wuerttemberg,code08,11.239
2009,percentage,female,,baden-wuerttemberg,code08,11.295
2013,percentage,female,,baden-wuerttemberg,code08,11.239
2017,percentage,female,,baden-wuerttemberg,code08,12.125
2021,percentage,female,,baden-wuerttemberg,code08,12.086
1999,percentage,female,,bavaria,code09,10.003
2003,percentage,female,,bavaria,code09,11.115
2005,percentage,female,,bavaria,code09,11.377
2009,percentage,female,,bavaria,code09,11.571
2013,percentage,female,,bavaria,code09,11.377
2017,percentage,female,,bavaria,code09,11.588
2021,percentage,female,,bavaria,code09,11.999
1999,percentage,female,,berlin,code11,9.524
2003,percentage,female,,berlin,code11,10.677
2005,percentage,female,,berlin,code11,11.15
2009,percentage,female,,berlin,code11,10.861
2013,percentage,female,,berlin,code11,11.15
2017,percentage,female,,berlin,code11,11.141
2021,percentage,female,,berlin,code11,11.992
1999,percentage,female,,brandenburg,code12,13.231
2003,percentage,female,,brandenburg,code12,13.704
2005,percentage,female,,brandenburg,code12,14.338
2009,percentage,female,,brandenburg,code12,14.31
2013,percentage,female,,brandenburg,code12,14.338
2017,percentage,female,,brandenburg,code12,14.41
2021,percentage,female,,brandenburg,code12,13.944
1999,percentage,female,,bremen,code04,8.639
2003,percentage,female,,bremen,code04,10.002
2005,percentage,female,,bremen,code04,13.515
2009,percentage,female,,bremen,code04,12.355
2013,percentage,female,,bremen,code04,13.515
2017,percentage,female,,bremen,code04,15.55
2021,percentage,female,,bremen,code04,14.697
1999,percentage,female,,hamburg,code02,8.402
2003,percentage,female,,hamburg,code02,8.45
2005,percentage,female,,hamburg,code02,9.458
2009,percentage,female,,hamburg,code02,9.378
2013,percentage,female,,hamburg,code02,9.458
2017,percentage,female,,hamburg,code02,10.146
2021,percentage,female,,hamburg,code02,11.2
1999,percentage,female,,hesse,code06,10.319
2003,percentage,female,,hesse,code06,10.832
2005,percentage,female,,hesse,code06,12.744
2009,percentage,female,,hesse,code06,12.118
2013,percentage,female,,hesse,code06,12.744
2017,percentage,female,,hesse,code06,12.853
2021,percentage,female,,hesse,code06,12.957
1999,percentage,female,,mecklenburg western pomerania,code13,13.913
2003,percentage,female,,mecklenburg western pomerania,code13,16.037
2005,percentage,female,,mecklenburg western pomerania,code13,16.546
2009,percentage,female,,mecklenburg western pomerania,code13,17.299
2013,percentage,female,,mecklenburg western pomerania,code13,16.546
2017,percentage,female,,mecklenburg western pomerania,code13,16.691
2021,percentage,female,,mecklenburg western pomerania,code13,18.895
1999,percentage,female,,lower saxony,code03,8.66
2003,percentage,female,,lower saxony,code03,9.614
2005,percentage,female,,lower saxony,code03,13.141
2009,percentage,female,,lower saxony,code03,11.724
2013,percentage,female,,lower saxony,code03,13.141
2017,percentage,female,,lower saxony,code03,13.135
2021,percentage,female,,lower saxony,code03,15.343
1999,percentage,female,,north rhine-westphalia,code05,9.788
2003,percentage,female,,north rhine-westphalia,code05,10.578
2005,percentage,female,,north rhine-westphalia,code05,13.28
2009,percentage,female,,north rhine-westphalia,code05,12.406
2013,percentage,female,,north rhine-westphalia,code05,13.28
2017,percentage,female,,north rhine-westphalia,code05,13.278
2021,percentage,female,,north rhine-westphalia,code05,14.238
1999,percentage,female,,rhineland palatinate,code07,10.477
2003,percentage,female,,rhineland palatinate,code07,11.139
2005,percentage,female,,rhineland palatinate,code07,13.093
2009,percentage,female,,rhineland palatinate,code07,12.623
2013,percentage,female,,rhineland palatinate,code07,13.093
2017,percentage,female,,rhineland palatinate,code07,13.992
2021,percentage,female,,rhineland palatinate,code07,13.665
1999,percentage,female,,saarland,code10,9.636
2003,percentage,female,,saarland,code10,10.149
2005,percentage,female,,saarland,code10,11.774
2009,percentage,female,,saarland,code10,12.614
2013,percentage,female,,saarland,code10,11.774
2017,percentage,female,,saarland,code10,10.881
2021,percentage,female,,saarland,code10,13.296
1999,percentage,female,,saxony,code14,12.192
2003,percentage,female,,saxony,code14,13.58
2005,percentage,female,,saxony,code14,14.305
2009,percentage,female,,saxony,code14,14.506
2013,percentage,female,,saxony,code14,14.305
2017,percentage,female,,saxony,code14,15.083
2021,percentage,female,,saxony,code14,13.935
1999,percentage,female,,saxony-anhalt,code15,12.709
2003,percentage,female,,saxony-anhalt,code15,15.252
2005,percentage,female,,saxony-anhalt,code15,16.793
2009,percentage,female,,saxony-anhalt,code15,16.757
2013,percentage,female,,saxony-anhalt,code15,16.793
2017,percentage,female,,saxony-anhalt,code15,16.32
2021,percentage,female,,saxony-anhalt,code15,15.953
1999,percentage,female,,schleswig-holstein,code01,8.37
2003,percentage,female,,schleswig-holstein,code01,9.496
2005,percentage,female,,schleswig-holstein,code01,11.615
2009,percentage,female,,schleswig-holstein,code01,10.253
2013,percentage,female,,schleswig-holstein,code01,11.615
2017,percentage,female,,schleswig-holstein,code01,11.666
2021,percentage,female,,schleswig-holstein,code01,14.127
1999,percentage,female,,thuringia,code16,13.194
2003,percentage,female,,thuringia,code16,13.095
2005,percentage,female,,thuringia,code16,14.886
2009,percentage,female,,thuringia,code16,14.248
2013,percentage,female,,thuringia,code16,14.886
2017,percentage,female,,thuringia,code16,16.743
2021,percentage,female,,thuringia,code16,14.215
1999,percentage,female,18 to under 20 years,,,
2003,percentage,female,18 to under 20 years,,,
2005,percentage,female,18 to under 20 years,,,
2009,percentage,female,18 to under 20 years,,,
2013,percentage,female,18 to under 20 years,,,2.814
2017,percentage,female,18 to under 20 years,,,3.402
2021,percentage,female,18 to under 20 years,,,
2000,percentage,female,18 to under 20 years,,,
2001,percentage,female,18 to under 20 years,,,
2002,percentage,female,18 to under 20 years,,,
2004,percentage,female,18 to under 20 years,,,
2006,percentage,female,18 to under 20 years,,,
2007,percentage,female,18 to under 20 years,,,
2008,percentage,female,18 to under 20 years,,,
2010,percentage,female,18 to under 20 years,,,
2011,percentage,female,18 to under 20 years,,,
2012,percentage,female,18 to under 20 years,,,
2014,percentage,female,18 to under 20 years,,,
2015,percentage,female,18 to under 20 years,,,
2016,percentage,female,18 to under 20 years,,,
2018,percentage,female,18 to under 20 years,,,
2019,percentage,female,18 to under 20 years,,,
2020,percentage,female,18 to under 20 years,,,
1999,percentage,female,20 to under 25 years,,,
2003,percentage,female,20 to under 25 years,,,
2005,percentage,female,20 to under 25 years,,,
2009,percentage,female,20 to under 25 years,,,
2013,percentage,female,20 to under 25 years,,,4.952
2017,percentage,female,20 to under 25 years,,,4.886
2021,percentage,female,20 to under 25 years,,,5.3
2000,percentage,female,20 to under 25 years,,,
2001,percentage,female,20 to under 25 years,,,
2002,percentage,female,20 to under 25 years,,,
2004,percentage,female,20 to under 25 years,,,
2006,percentage,female,20 to under 25 years,,,
2007,percentage,female,20 to under 25 years,,,
2008,percentage,female,20 to under 25 years,,,
2010,percentage,female,20 to under 25 years,,,
2011,percentage,female,20 to under 25 years,,,
2012,percentage,female,20 to under 25 years,,,
2014,percentage,female,20 to under 25 years,,,
2015,percentage,female,20 to under 25 years,,,
2016,percentage,female,20 to under 25 years,,,
2018,percentage,female,20 to under 25 years,,,
2019,percentage,female,20 to under 25 years,,,
2020,percentage,female,20 to under 25 years,,,
1999,percentage,female,25 to under 30 years,,,
2003,percentage,female,25 to under 30 years,,,
2005,percentage,female,25 to under 30 years,,,
2009,percentage,female,25 to under 30 years,,,
2013,percentage,female,25 to under 30 years,,,7.15
2017,percentage,female,25 to under 30 years,,,8.037
2021,percentage,female,25 to under 30 years,,,9.0
2000,percentage,female,25 to under 30 years,,,
2001,percentage,female,25 to under 30 years,,,
2002,percentage,female,25 to under 30 years,,,
2004,percentage,female,25 to under 30 years,,,
2006,percentage,female,25 to under 30 years,,,
2007,percentage,female,25 to under 30 years,,,
2008,percentage,female,25 to under 30 years,,,
2010,percentage,female,25 to under 30 years,,,
2011,percentage,female,25 to under 30 years,,,
2012,percentage,female,25 to under 30 years,,,
2014,percentage,female,25 to under 30 years,,,
2015,percentage,female,25 to under 30 years,,,
2016,percentage,female,25 to under 30 years,,,
2018,percentage,female,25 to under 30 years,,,
2019,percentage,female,25 to under 30 years,,,
2020,percentage,female,25 to under 30 years,,,
1999,percentage,female,30 to under 35 years,,,
2003,percentage,female,30 to under 35 years,,,
2005,percentage,female,30 to under 35 years,,,
2009,percentage,female,30 to under 35 years,,,
2013,percentage,female,30 to under 35 years,,,9.543
2017,percentage,female,30 to under 35 years,,,10.136
2021,percentage,female,30 to under 35 years,,,12.5
2000,percentage,female,30 to under 35 years,,,
2001,percentage,female,30 to under 35 years,,,
2002,percentage,female,30 to under 35 years,,,
2004,percentage,female,30 to under 35 years,,,
2006,percentage,female,30 to under 35 years,,,
2007,percentage,female,30 to under 35 years,,,
2008,percentage,female,30 to under 35 years,,,
2010,percentage,female,30 to under 35 years,,,
2011,percentage,female,30 to under 35 years,,,
2012,percentage,female,30 to under 35 years,,,
2014,percentage,female,30 to under 35 years,,,
2015,percentage,female,30 to under 35 years,,,
2016,percentage,female,30 to under 35 years,,,
2018,percentage,female,30 to under 35 years,,,
2019,percentage,female,30 to under 35 years,,,
2020,percentage,female,30 to under 35 years,,,
1999,percentage,female,35 to under 40 years,,,
2003,percentage,female,35 to under 40 years,,,
2005,percentage,female,35 to under 40 years,,,
2009,percentage,female,35 to under 40 years,,,
2013,percentage,female,35 to under 40 years,,,10.402
2017,percentage,female,35 to under 40 years,,,10.833
2021,percentage,female,35 to under 40 years,,,11.3
2000,percentage,female,35 to under 40 years,,,
2001,percentage,female,35 to under 40 years,,,
2002,percentage,female,35 to under 40 years,,,
2004,percentage,female,35 to under 40 years,,,
2006,percentage,female,35 to under 40 years,,,
2007,percentage,female,35 to under 40 years,,,
2008,percentage,female,35 to under 40 years,,,
2010,percentage,female,35 to under 40 years,,,
2011,percentage,female,35 to under 40 years,,,
2012,percentage,female,35 to under 40 years,,,
2014,percentage,female,35 to under 40 years,,,
2015,percentage,female,35 to under 40 years,,,
2016,percentage,female,35 to under 40 years,,,
2018,percentage,female,35 to under 40 years,,,
2019,percentage,female,35 to under 40 years,,,
2020,percentage,female,35 to under 40 years,,,
1999,percentage,female,40 to under 45 years,,,
2003,percentage,female,40 to under 45 years,,,
2005,percentage,female,40 to under 45 years,,,
2009,percentage,female,40 to under 45 years,,,
2013,percentage,female,40 to under 45 years,,,11.419
2017,percentage,female,40 to under 45 years,,,12.254
2021,percentage,female,40 to under 45 years,,,13.3
2000,percentage,female,40 to under 45 years,,,
2001,percentage,female,40 to under 45 years,,,
2002,percentage,female,40 to under 45 years,,,
2004,percentage,female,40 to under 45 years,,,
2006,percentage,female,40 to under 45 years,,,
2007,percentage,female,40 to under 45 years,,,
2008,percentage,female,40 to under 45 years,,,
2010,percentage,female,40 to under 45 years,,,
2011,percentage,female,40 to under 45 years,,,
2012,percentage,female,40 to under 45 years,,,
2014,percentage,female,40 to under 45 years,,,
2015,percentage,female,40 to under 45 years,,,
2016,percentage,female,40 to under 45 years,,,
2018,percentage,female,40 to under 45 years,,,
2019,percentage,female,40 to under 45 years,,,
2020,percentage,female,40 to under 45 years,,,
1999,percentage,female,45 to under 50 years,,,
2003,percentage,female,45 to under 50 years,,,
2005,percentage,female,45 to under 50 years,,,
2009,percentage,female,45 to under 50 years,,,
2013,percentage,female,45 to under 50 years,,,12.21
2017,percentage,female,45 to under 50 years,,,12.737
2021,percentage,female,45 to under 50 years,,,15.3
2000,percentage,female,45 to under 50 years,,,
2001,percentage,female,45 to under 50 years,,,
2002,percentage,female,45 to under 50 years,,,
2004,percentage,female,45 to under 50 years,,,
2006,percentage,female,45 to under 50 years,,,
2007,percentage,female,45 to under 50 years,,,
2008,percentage,female,45 to under 50 years,,,
2010,percentage,female,45 to under 50 years,,,
2011,percentage,female,45 to under 50 years,,,
2012,percentage,female,45 to under 50 years,,,
2014,percentage,female,45 to under 50 years,,,
2015,percentage,female,45 to under 50 years,,,
2016,percentage,female,45 to under 50 years,,,
2018,percentage,female,45 to under 50 years,,,
2019,percentage,female,45 to under 50 years,,,
2020,percentage,female,45 to under 50 years,,,
1999,percentage,female,50 to under 55 years,,,
2003,percentage,female,50 to under 55 years,,,
2005,percentage,female,50 to under 55 years,,,
2009,percentage,female,50 to under 55 years,,,
2013,percentage,female,50 to under 55 years,,,15.033
2017,percentage,female,50 to under 55 years,,,14.766
2021,percentage,female,50 to under 55 years,,,15.4
2000,percentage,female,50 to under 55 years,,,
2001,percentage,female,50 to under 55 years,,,
2002,percentage,female,50 to under 55 years,,,
2004,percentage,female,50 to under 55 years,,,
2006,percentage,female,50 to under 55 years,,,
2007,percentage,female,50 to under 55 years,,,
2008,percentage,female,50 to under 55 years,,,
2010,percentage,female,50 to under 55 years,,,
2011,percentage,female,50 to under 55 years,,,
2012,percentage,female,50 to under 55 years,,,
2014,percentage,female,50 to under 55 years,,,
2015,percentage,female,50 to under 55 years,,,
2016,percentage,female,50 to under 55 years,,,
2018,percentage,female,50 to under 55 years,,,
2019,percentage,female,50 to under 55 years,,,
2020,percentage,female,50 to under 55 years,,,
1999,percentage,female,55 to under 60 years,,,
2003,percentage,female,55 to under 60 years,,,
2005,percentage,female,55 to under 60 years,,,
2009,percentage,female,55 to under 60 years,,,
2013,percentage,female,55 to under 60 years,,,17.315
2017,percentage,female,55 to under 60 years,,,16.552
2021,percentage,female,55 to under 60 years,,,16.6
2000,percentage,female,55 to under 60 years,,,
2001,percentage,female,55 to under 60 years,,,
2002,percentage,female,55 to under 60 years,,,
2004,percentage,female,55 to under 60 years,,,
2006,percentage,female,55 to under 60 years,,,
2007,percentage,female,55 to under 60 years,,,
2008,percentage,female,55 to under 60 years,,,
2010,percentage,female,55 to under 60 years,,,
2011,percentage,female,55 to under 60 years,,,
2012,percentage,female,55 to under 60 years,,,
2014,percentage,female,55 to under 60 years,,,
2015,percentage,female,55 to under 60 years,,,
2016,percentage,female,55 to under 60 years,,,
2018,percentage,female,55 to under 60 years,,,
2019,percentage,female,55 to under 60 years,,,
2020,percentage,female,55 to under 60 years,,,
1999,percentage,female,60 to under 56 years,,,
2003,percentage,female,60 to under 56 years,,,
2005,percentage,female,60 to under 56 years,,,
2009,percentage,female,60 to under 56 years,,,
2013,percentage,female,60 to under 56 years,,,20.751
2017,percentage,female,60 to under 56 years,,,19.48
2021,percentage,female,60 to under 56 years,,,18.4
2000,percentage,female,60 to under 56 years,,,
2001,percentage,female,60 to under 56 years,,,
2002,percentage,female,60 to under 56 years,,,
2004,percentage,female,60 to under 56 years,,,
2006,percentage,female,60 to under 56 years,,,
2007,percentage,female,60 to under 56 years,,,
2008,percentage,female,60 to under 56 years,,,
2010,percentage,female,60 to under 56 years,,,
2011,percentage,female,60 to under 56 years,,,
2012,percentage,female,60 to under 56 years,,,
2014,percentage,female,60 to under 56 years,,,
2015,percentage,female,60 to under 56 years,,,
2016,percentage,female,60 to under 56 years,,,
2018,percentage,female,60 to under 56 years,,,
2019,percentage,female,60 to under 56 years,,,
2020,percentage,female,60 to under 56 years,,,
1999,percentage,female,65 to under 70 years,,,
2003,percentage,female,65 to under 70 years,,,
2005,percentage,female,65 to under 70 years,,,
2009,percentage,female,65 to under 70 years,,,
2013,percentage,female,65 to under 70 years,,,20.324
2017,percentage,female,65 to under 70 years,,,21.724
2021,percentage,female,65 to under 70 years,,,19.5
2000,percentage,female,65 to under 70 years,,,
2001,percentage,female,65 to under 70 years,,,
2002,percentage,female,65 to under 70 years,,,
2004,percentage,female,65 to under 70 years,,,
2006,percentage,female,65 to under 70 years,,,
2007,percentage,female,65 to under 70 years,,,
2008,percentage,female,65 to under 70 years,,,
2010,percentage,female,65 to under 70 years,,,
2011,percentage,female,65 to under 70 years,,,
2012,percentage,female,65 to under 70 years,,,
2014,percentage,female,65 to under 70 years,,,
2015,percentage,female,65 to under 70 years,,,
2016,percentage,female,65 to under 70 years,,,
2018,percentage,female,65 to under 70 years,,,
2019,percentage,female,65 to under 70 years,,,
2020,percentage,female,65 to under 70 years,,,
1999,percentage,female,70 to under 75 years,,,
2003,percentage,female,70 to under 75 years,,,
2005,percentage,female,70 to under 75 years,,,
2009,percentage,female,70 to under 75 years,,,
2013,percentage,female,70 to under 75 years,,,19.42
2017,percentage,female,70 to under 75 years,,,19.855
2021,percentage,female,70 to under 75 years,,,19.9
2000,percentage,female,70 to under 75 years,,,
2001,percentage,female,70 to under 75 years,,,
2002,percentage,female,70 to under 75 years,,,
2004,percentage,female,70 to under 75 years,,,
2006,percentage,female,70 to under 75 years,,,
2007,percentage,female,70 to under 75 years,,,
2008,percentage,female,70 to under 75 years,,,
2010,percentage,female,70 to under 75 years,,,
2011,percentage,female,70 to under 75 years,,,
2012,percentage,female,70 to under 75 years,,,
2014,percentage,female,70 to under 75 years,,,
2015,percentage,female,70 to under 75 years,,,
2016,percentage,female,70 to under 75 years,,,
2018,percentage,female,70 to under 75 years,,,
2019,percentage,female,70 to under 75 years,,,
2020,percentage,female,70 to under 75 years,,,
1999,percentage,female,75 years and older,,,
2003,percentage,female,75 years and older,,,
2005,percentage,female,75 years and older,,,
2009,percentage,female,75 years and older,,,
2013,percentage,female,75 years and older,,,17.941
2017,percentage,female,75 years and older,,,18.029
2021,percentage,female,75 years and older,,,16.2
2000,percentage,female,75 years and older,,,
2001,percentage,female,75 years and older,,,
2002,percentage,female,75 years and older,,,
2004,percentage,female,75 years and older,,,
2006,percentage,female,75 years and older,,,
2007,percentage,female,75 years and older,,,
2008,percentage,female,75 years and older,,,
2010,percentage,female,75 years and older,,,
2011,percentage,female,75 years and older,,,
2012,percentage,female,75 years and older,,,
2014,percentage,female,75 years and older,,,
2015,percentage,female,75 years and older,,,
2016,percentage,female,75 years and older,,,
2018,percentage,female,75 years and older,,,
2019,percentage,female,75 years and older,,,
2020,percentage,female,75 years and older,,,
1999,percentage,male,,,,11.1
2003,percentage,male,,,,12.3
2005,percentage,male,,,,13.0
2009,percentage,male,,,,14.2
2013,percentage,male,,,,15.4
2017,percentage,male,,,,16.416
2021,percentage,male,,,,17.291
2000,percentage,male,,,,
2001,percentage,male,,,,
2002,percentage,male,,,,
2004,percentage,male,,,,
2006,percentage,male,,,,
2007,percentage,male,,,,
2008,percentage,male,,,,
2010,percentage,male,,,,
2011,percentage,male,,,,
2012,percentage,male,,,,
2014,percentage,male,,,,
2015,percentage,male,,,,
2016,percentage,male,,,,
2018,percentage,male,,,,
2019,percentage,male,,,,
2020,percentage,male,,,,
1999,percentage,male,,baden-wuerttemberg,code08,10.272
2003,percentage,male,,baden-wuerttemberg,code08,11.694
2005,percentage,male,,baden-wuerttemberg,code08,12.052
2009,percentage,male,,baden-wuerttemberg,code08,13.267
2013,percentage,male,,baden-wuerttemberg,code08,14.524
2017,percentage,male,,baden-wuerttemberg,code08,15.306
2021,percentage,male,,baden-wuerttemberg,code08,15.831
1999,percentage,male,,bavaria,code09,11.477
2003,percentage,male,,bavaria,code09,12.192
2005,percentage,male,,bavaria,code09,12.619
2009,percentage,male,,bavaria,code09,13.964
2013,percentage,male,,bavaria,code09,15.023
2017,percentage,male,,bavaria,code09,15.659
2021,percentage,male,,bavaria,code09,15.666
1999,percentage,male,,berlin,code11,8.869
2003,percentage,male,,berlin,code11,9.642
2005,percentage,male,,berlin,code11,11.389
2009,percentage,male,,berlin,code11,11.521
2013,percentage,male,,berlin,code11,12.313
2017,percentage,male,,berlin,code11,12.715
2021,percentage,male,,berlin,code11,14.23
1999,percentage,male,,brandenburg,code12,12.891
2003,percentage,male,,brandenburg,code12,12.559
2005,percentage,male,,brandenburg,code12,13.83
2009,percentage,male,,brandenburg,code12,15.353
2013,percentage,male,,brandenburg,code12,15.498
2017,percentage,male,,brandenburg,code12,16.444
2021,percentage,male,,brandenburg,code12,18.682
1999,percentage,male,,bremen,code04,9.347
2003,percentage,male,,bremen,code04,11.639
2005,percentage,male,,bremen,code04,11.052
2009,percentage,male,,bremen,code04,11.17
2013,percentage,male,,bremen,code04,13.582
2017,percentage,male,,bremen,code04,18.33
2021,percentage,male,,bremen,code04,18.793
1999,percentage,male,,hamburg,code02,8.204
2003,percentage,male,,hamburg,code02,9.839
2005,percentage,male,,hamburg,code02,11.122
2009,percentage,male,,hamburg,code02,10.448
2013,percentage,male,,hamburg,code02,11.511
2017,percentage,male,,hamburg,code02,12.849
2021,percentage,male,,hamburg,code02,12.609
1999,percentage,male,,hesse,code06,11.322
2003,percentage,male,,hesse,code06,12.379
2005,percentage,male,,hesse,code06,13.029
2009,percentage,male,,hesse,code06,14.522
2013,percentage,male,,hesse,code06,15.721
2017,percentage,male,,hesse,code06,16.837
2021,percentage,male,,hesse,code06,18.153
1999,percentage,male,,mecklenburg western pomerania,code13,13.705
2003,percentage,male,,mecklenburg western pomerania,code13,16.471
2005,percentage,male,,mecklenburg western pomerania,code13,17.022
2009,percentage,male,,mecklenburg western pomerania,code13,17.148
2013,percentage,male,,mecklenburg western pomerania,code13,18.039
2017,percentage,male,,mecklenburg western pomerania,code13,20.759
2021,percentage,male,,mecklenburg western pomerania,code13,19.337
1999,percentage,male,,lower saxony,code03,10.326
2003,percentage,male,,lower saxony,code03,11.33
2005,percentage,male,,lower saxony,code03,12.227
2009,percentage,male,,lower saxony,code03,13.758
2013,percentage,male,,lower saxony,code03,15.226
2017,percentage,male,,lower saxony,code03,17.169
2021,percentage,male,,lower saxony,code03,19.559
1999,percentage,male,,north rhine-westphalia,code05,11.001
2003,percentage,male,,north rhine-westphalia,code05,12.668
2005,percentage,male,,north rhine-westphalia,code05,13.359
2009,percentage,male,,north rhine-westphalia,code05,14.77
2013,percentage,male,,north rhine-westphalia,code05,16.444
2017,percentage,male,,north rhine-westphalia,code05,16.886
2021,percentage,male,,north rhine-westphalia,code05,18.556
1999,percentage,male,,rhineland palatinate,code07,11.727
2003,percentage,male,,rhineland palatinate,code07,13.281
2005,percentage,male,,rhineland palatinate,code07,14.264
2009,percentage,male,,rhineland palatinate,code07,15.394
2013,percentage,male,,rhineland palatinate,code07,17.158
2017,percentage,male,,rhineland palatinate,code07,18.091
2021,percentage,male,,rhineland palatinate,code07,19.923
1999,percentage,male,,saarland,code10,9.545
2003,percentage,male,,saarland,code10,10.37
2005,percentage,male,,saarland,code10,13.872
2009,percentage,male,,saarland,code10,15.562
2013,percentage,male,,saarland,code10,16.365
2017,percentage,male,,saarland,code10,18.154
2021,percentage,male,,saarland,code10,20.088
1999,percentage,male,,saxony,code14,11.486
2003,percentage,male,,saxony,code14,13.14
2005,percentage,male,,saxony,code14,12.946
2009,percentage,male,,saxony,code14,13.384
2013,percentage,male,,saxony,code14,14.278
2017,percentage,male,,saxony,code14,15.772
2021,percentage,male,,saxony,code14,15.576
1999,percentage,male,,saxony-anhalt,code15,13.609
2003,percentage,male,,saxony-anhalt,code15,14.71
2005,percentage,male,,saxony-anhalt,code15,15.755
2009,percentage,male,,saxony-anhalt,code15,15.801
2013,percentage,male,,saxony-anhalt,code15,17.477
2017,percentage,male,,saxony-anhalt,code15,18.706
2021,percentage,male,,saxony-anhalt,code15,17.078
1999,percentage,male,,schleswig-holstein,code01,10.106
2003,percentage,male,,schleswig-holstein,code01,11.019
2005,percentage,male,,schleswig-holstein,code01,12.484
2009,percentage,male,,schleswig-holstein,code01,13.974
2013,percentage,male,,schleswig-holstein,code01,14.95
2017,percentage,male,,schleswig-holstein,code01,16.843
2021,percentage,male,,schleswig-holstein,code01,19.078
1999,percentage,male,,thuringia,code16,14.3
2003,percentage,male,,thuringia,code16,13.129
2005,percentage,male,,thuringia,code16,14.549
2009,percentage,male,,thuringia,code16,15.579
2013,percentage,male,,thuringia,code16,15.858
2017,percentage,male,,thuringia,code16,18.608
2021,percentage,male,,thuringia,code16,19.585
1999,percentage,male,18 to under 20 years,,,
2003,percentage,male,18 to under 20 years,,,
2005,percentage,male,18 to under 20 years,,,
2009,percentage,male,18 to under 20 years,,,
2013,percentage,male,18 to under 20 years,,,4.058
2017,percentage,male,18 to under 20 years,,,4.955
2021,percentage,male,18 to under 20 years,,,
2000,percentage,male,18 to under 20 years,,,
2001,percentage,male,18 to under 20 years,,,
2002,percentage,male,18 to under 20 years,,,
2004,percentage,male,18 to under 20 years,,,
2006,percentage,male,18 to under 20 years,,,
2007,percentage,male,18 to under 20 years,,,
2008,percentage,male,18 to under 20 years,,,
2010,percentage,male,18 to under 20 years,,,
2011,percentage,male,18 to under 20 years,,,
2012,percentage,male,18 to under 20 years,,,
2014,percentage,male,18 to under 20 years,,,
2015,percentage,male,18 to under 20 years,,,
2016,percentage,male,18 to under 20 years,,,
2018,percentage,male,18 to under 20 years,,,
2019,percentage,male,18 to under 20 years,,,
2020,percentage,male,18 to under 20 years,,,
1999,percentage,male,20 to under 25 years,,,
2003,percentage,male,20 to under 25 years,,,
2005,percentage,male,20 to under 25 years,,,
2009,percentage,male,20 to under 25 years,,,
2013,percentage,male,20 to under 25 years,,,6.166
2017,percentage,male,20 to under 25 years,,,6.973
2021,percentage,male,20 to under 25 years,,,7.1
2000,percentage,male,20 to under 25 years,,,
2001,percentage,male,20 to under 25 years,,,
2002,percentage,male,20 to under 25 years,,,
2004,percentage,male,20 to under 25 years,,,
2006,percentage,male,20 to under 25 years,,,
2007,percentage,male,20 to under 25 years,,,
2008,percentage,male,20 to under 25 years,,,
2010,percentage,male,20 to under 25 years,,,
2011,percentage,male,20 to under 25 years,,,
2012,percentage,male,20 to under 25 years,,,
2014,percentage,male,20 to under 25 years,,,
2015,percentage,male,20 to under 25 years,,,
2016,percentage,male,20 to under 25 years,,,
2018,percentage,male,20 to under 25 years,,,
2019,percentage,male,20 to under 25 years,,,
2020,percentage,male,20 to under 25 years,,,
1999,percentage,male,25 to under 30 years,,,
2003,percentage,male,25 to under 30 years,,,
2005,percentage,male,25 to under 30 years,,,
2009,percentage,male,25 to under 30 years,,,
2013,percentage,male,25 to under 30 years,,,8.808
2017,percentage,male,25 to under 30 years,,,10.569
2021,percentage,male,25 to under 30 years,,,12.4
2000,percentage,male,25 to under 30 years,,,
2001,percentage,male,25 to under 30 years,,,
2002,percentage,male,25 to under 30 years,,,
2004,percentage,male,25 to under 30 years,,,
2006,percentage,male,25 to under 30 years,,,
2007,percentage,male,25 to under 30 years,,,
2008,percentage,male,25 to under 30 years,,,
2010,percentage,male,25 to under 30 years,,,
2011,percentage,male,25 to under 30 years,,,
2012,percentage,male,25 to under 30 years,,,
2014,percentage,male,25 to under 30 years,,,
2015,percentage,male,25 to under 30 years,,,
2016,percentage,male,25 to under 30 years,,,
2018,percentage,male,25 to under 30 years,,,
2019,percentage,male,25 to under 30 years,,,
2020,percentage,male,25 to under 30 years,,,
1999,percentage,male,30 to under 35 years,,,
2003,percentage,male,30 to under 35 years,,,
2005,percentage,male,30 to under 35 years,,,
2009,percentage,male,30 to under 35 years,,,
2013,percentage,male,30 to under 35 years,,,12.162
2017,percentage,male,30 to under 35 years,,,13.395
2021,percentage,male,30 to under 35 years,,,15.4
2000,percentage,male,30 to under 35 years,,,
2001,percentage,male,30 to under 35 years,,,
2002,percentage,male,30 to under 35 years,,,
2004,percentage,male,30 to under 35 years,,,
2006,percentage,male,30 to under 35 years,,,
2007,percentage,male,30 to under 35 years,,,
2008,percentage,male,30 to under 35 years,,,
2010,percentage,male,30 to under 35 years,,,
2011,percentage,male,30 to under 35 years,,,
2012,percentage,male,30 to under 35 years,,,
2014,percentage,male,30 to under 35 years,,,
2015,percentage,male,30 to under 35 years,,,
2016,percentage,male,30 to under 35 years,,,
2018,percentage,male,30 to under 35 years,,,
2019,percentage,male,30 to under 35 years,,,
2020,percentage,male,30 to under 35 years,,,
1999,percentage,male,35 to under 40 years,,,
2003,percentage,male,35 to under 40 years,,,
2005,percentage,male,35 to under 40 years,,,
2009,percentage,male,35 to under 40 years,,,
2013,percentage,male,35 to under 40 years,,,14.883
2017,percentage,male,35 to under 40 years,,,15.493
2021,percentage,male,35 to under 40 years,,,17.2
2000,percentage,male,35 to under 40 years,,,
2001,percentage,male,35 to under 40 years,,,
2002,percentage,male,35 to under 40 years,,,
2004,percentage,male,35 to under 40 years,,,
2006,percentage,male,35 to under 40 years,,,
2007,percentage,male,35 to under 40 years,,,
2008,percentage,male,35 to under 40 years,,,
2010,percentage,male,35 to under 40 years,,,
2011,percentage,male,35 to under 40 years,,,
2012,percentage,male,35 to under 40 years,,,
2014,percentage,male,35 to under 40 years,,,
2015,percentage,male,35 to under 40 years,,,
2016,percentage,male,35 to under 40 years,,,
2018,percentage,male,35 to under 40 years,,,
2019,percentage,male,35 to under 40 years,,,
2020,percentage,male,35 to under 40 years,,,
1999,percentage,male,40 to under 45 years,,,
2003,percentage,male,40 to under 45 years,,,
2005,percentage,male,40 to under 45 years,,,
2009,percentage,male,40 to under 45 years,,,
2013,percentage,male,40 to under 45 years,,,16.774
2017,percentage,male,40 to under 45 years,,,18.725
2021,percentage,male,40 to under 45 years,,,19.5
2000,percentage,male,40 to under 45 years,,,
2001,percentage,male,40 to under 45 years,,,
2002,percentage,male,40 to under 45 years,,,
2004,percentage,male,40 to under 45 years,,,
2006,percentage,male,40 to under 45 years,,,
2007,percentage,male,40 to under 45 years,,,
2008,percentage,male,40 to under 45 years,,,
2010,percentage,male,40 to under 45 years,,,
2011,percentage,male,40 to under 45 years,,,
2012,percentage,male,40 to under 45 years,,,
2014,percentage,male,40 to under 45 years,,,
2015,percentage,male,40 to under 45 years,,,
2016,percentage,male,40 to under 45 years,,,
2018,percentage,male,40 to under 45 years,,,
2019,percentage,male,40 to under 45 years,,,
2020,percentage,male,40 to under 45 years,,,
1999,percentage,male,45 to under 50 years,,,
2003,percentage,male,45 to under 50 years,,,
2005,percentage,male,45 to under 50 years,,,
2009,percentage,male,45 to under 50 years,,,
2013,percentage,male,45 to under 50 years,,,17.912
2017,percentage,male,45 to under 50 years,,,19.369
2021,percentage,male,45 to under 50 years,,,23.5
2000,percentage,male,45 to under 50 years,,,
2001,percentage,male,45 to under 50 years,,,
2002,percentage,male,45 to under 50 years,,,
2004,percentage,male,45 to under 50 years,,,
2006,percentage,male,45 to under 50 years,,,
2007,percentage,male,45 to under 50 years,,,
2008,percentage,male,45 to under 50 years,,,
2010,percentage,male,45 to under 50 years,,,
2011,percentage,male,45 to under 50 years,,,
2012,percentage,male,45 to under 50 years,,,
2014,percentage,male,45 to under 50 years,,,
2015,percentage,male,45 to under 50 years,,,
2016,percentage,male,45 to under 50 years,,,
2018,percentage,male,45 to under 50 years,,,
2019,percentage,male,45 to under 50 years,,,
2020,percentage,male,45 to under 50 years,,,
1999,percentage,male,50 to under 55 years,,,
2003,percentage,male,50 to under 55 years,,,
2005,percentage,male,50 to under 55 years,,,
2009,percentage,male,50 to under 55 years,,,
2013,percentage,male,50 to under 55 years,,,20.19
2017,percentage,male,50 to under 55 years,,,20.941
2021,percentage,male,50 to under 55 years,,,21.9
2000,percentage,male,50 to under 55 years,,,
2001,percentage,male,50 to under 55 years,,,
2002,percentage,male,50 to under 55 years,,,
2004,percentage,male,50 to under 55 years,,,
2006,percentage,male,50 to under 55 years,,,
2007,percentage,male,50 to under 55 years,,,
2008,percentage,male,50 to under 55 years,,,
2010,percentage,male,50 to under 55 years,,,
2011,percentage,male,50 to under 55 years,,,
2012,percentage,male,50 to under 55 years,,,
2014,percentage,male,50 to under 55 years,,,
2015,percentage,male,50 to under 55 years,,,
2016,percentage,male,50 to under 55 years,,,
2018,percentage,male,50 to under 55 years,,,
2019,percentage,male,50 to under 55 years,,,
2020,percentage,male,50 to under 55 years,,,
1999,percentage,male,55 to under 60 years,,,
2003,percentage,male,55 to under 60 years,,,
2005,percentage,male,55 to under 60 years,,,
2009,percentage,male,55 to under 60 years,,,
2013,percentage,male,55 to under 60 years,,,22.595
2017,percentage,male,55 to under 60 years,,,22.571
2021,percentage,male,55 to under 60 years,,,22.4
2000,percentage,male,55 to under 60 years,,,
2001,percentage,male,55 to under 60 years,,,
2002,percentage,male,55 to under 60 years,,,
2004,percentage,male,55 to under 60 years,,,
2006,percentage,male,55 to under 60 years,,,
2007,percentage,male,55 to under 60 years,,,
2008,percentage,male,55 to under 60 years,,,
2010,percentage,male,55 to under 60 years,,,
2011,percentage,male,55 to under 60 years,,,
2012,percentage,male,55 to under 60 years,,,
2014,percentage,male,55 to under 60 years,,,
2015,percentage,male,55 to under 60 years,,,
2016,percentage,male,55 to under 60 years,,,
2018,percentage,male,55 to under 60 years,,,
2019,percentage,male,55 to under 60 years,,,
2020,percentage,male,55 to under 60 years,,,
1999,percentage,male,60 to under 56 years,,,
2003,percentage,male,60 to under 56 years,,,
2005,percentage,male,60 to under 56 years,,,
2009,percentage,male,60 to under 56 years,,,
2013,percentage,male,60 to under 56 years,,,24.674
2017,percentage,male,60 to under 56 years,,,24.454
2021,percentage,male,60 to under 56 years,,,23.6
2000,percentage,male,60 to under 56 years,,,
2001,percentage,male,60 to under 56 years,,,
2002,percentage,male,60 to under 56 years,,,
2004,percentage,male,60 to under 56 years,,,
2006,percentage,male,60 to under 56 years,,,
2007,percentage,male,60 to under 56 years,,,
2008,percentage,male,60 to under 56 years,,,
2010,percentage,male,60 to under 56 years,,,
2011,percentage,male,60 to under 56 years,,,
2012,percentage,male,60 to under 56 years,,,
2014,percentage,male,60 to under 56 years,,,
2015,percentage,male,60 to under 56 years,,,
2016,percentage,male,60 to under 56 years,,,
2018,percentage,male,60 to under 56 years,,,
2019,percentage,male,60 to under 56 years,,,
2020,percentage,male,60 to under 56 years,,,
1999,percentage,male,65 to under 70 years,,,
2003,percentage,male,65 to under 70 years,,,
2005,percentage,male,65 to under 70 years,,,
2009,percentage,male,65 to under 70 years,,,
2013,percentage,male,65 to under 70 years,,,23.634
2017,percentage,male,65 to under 70 years,,,25.324
2021,percentage,male,65 to under 70 years,,,23.1
2000,percentage,male,65 to under 70 years,,,
2001,percentage,male,65 to under 70 years,,,
2002,percentage,male,65 to under 70 years,,,
2004,percentage,male,65 to under 70 years,,,
2006,percentage,male,65 to under 70 years,,,
2007,percentage,male,65 to under 70 years,,,
2008,percentage,male,65 to under 70 years,,,
2010,percentage,male,65 to under 70 years,,,
2011,percentage,male,65 to under 70 years,,,
2012,percentage,male,65 to under 70 years,,,
2014,percentage,male,65 to under 70 years,,,
2015,percentage,male,65 to under 70 years,,,
2016,percentage,male,65 to under 70 years,,,
2018,percentage,male,65 to under 70 years,,,
2019,percentage,male,65 to under 70 years,,,
2020,percentage,male,65 to under 70 years,,,
1999,percentage,male,70 to under 75 years,,,
2003,percentage,male,70 to under 75 years,,,
2005,percentage,male,70 to under 75 years,,,
2009,percentage,male,70 to under 75 years,,,
2013,percentage,male,70 to under 75 years,,,21.188
2017,percentage,male,70 to under 75 years,,,22.585
2021,percentage,male,70 to under 75 years,,,22.6
2000,percentage,male,70 to under 75 years,,,
2001,percentage,male,70 to under 75 years,,,
2002,percentage,male,70 to under 75 years,,,
2004,percentage,male,70 to under 75 years,,,
2006,percentage,male,70 to under 75 years,,,
2007,percentage,male,70 to under 75 years,,,
2008,percentage,male,70 to under 75 years,,,
2010,percentage,male,70 to under 75 years,,,
2011,percentage,male,70 to under 75 years,,,
2012,percentage,male,70 to under 75 years,,,
2014,percentage,male,70 to under 75 years,,,
2015,percentage,male,70 to under 75 years,,,
2016,percentage,male,70 to under 75 years,,,
2018,percentage,male,70 to under 75 years,,,
2019,percentage,male,70 to under 75 years,,,
2020,percentage,male,70 to under 75 years,,,
1999,percentage,male,75 years and older,,,
2003,percentage,male,75 years and older,,,
2005,percentage,male,75 years and older,,,
2009,percentage,male,75 years and older,,,
2013,percentage,male,75 years and older,,,16.689
2017,percentage,male,75 years and older,,,17.586
2021,percentage,male,75 years and older,,,16.2
2000,percentage,male,75 years and older,,,
2001,percentage,male,75 years and older,,,
2002,percentage,male,75 years and older,,,
2004,percentage,male,75 years and older,,,
2006,percentage,male,75 years and older,,,
2007,percentage,male,75 years and older,,,
2008,percentage,male,75 years and older,,,
2010,percentage,male,75 years and older,,,
2011,percentage,male,75 years and older,,,
2012,percentage,male,75 years and older,,,
2014,percentage,male,75 years and older,,,
2015,percentage,male,75 years and older,,,
2016,percentage,male,75 years and older,,,
2018,percentage,male,75 years and older,,,
2019,percentage,male,75 years and older,,,
2020,percentage,male,75 years and older,,,
